key,0,1,2,3,4,5,6,7,8,9,10
#,StampIcon,,Category,,,,,,,,Name
int32,Image,int32,GroupPoseStampCategory,uint16,byte,uint32,int32,bit&01,bit&02,bit&04,str
0,0,0,0,0,10,0,0,False,False,False,"未設定"
1,120021,2,10,200,10,0,0,False,False,False,"Start"
2,120022,2,10,201,10,0,0,False,False,False,"Complete!"
3,0,0,0,0,0,0,0,False,False,False,""
4,120024,2,10,203,10,0,0,False,False,False,"Restart"
5,120001,2,11,100,10,0,0,False,False,False,"Quest Accepted"
6,120002,2,11,101,10,0,0,False,False,False,"Quest Complete!"
7,120081,2,12,303,10,0,0,False,False,False,"F.A.T.E. Joined"
8,120082,2,12,304,10,0,0,False,False,False,"F.A.T.E. Complete!"
9,0,0,0,0,0,0,0,False,False,False,""
10,120111,2,5,10,10,0,0,False,False,False,"Level Up!"
11,121561,2,13,400,10,0,0,False,False,False,"G.A.T.E. Joined"
12,121562,2,13,401,10,0,0,False,False,False,"G.A.T.E. Complete!"
13,0,0,0,0,0,0,0,False,False,False,""
14,121551,2,13,403,10,0,0,False,False,False,"チョコボレース：Start"
15,121552,2,13,404,10,0,0,False,False,False,"チョコボレース：Goal"
16,121553,2,13,405,10,0,0,False,False,False,"チョコボレース：Challenge Complete!"
17,121501,2,13,406,10,0,0,False,False,False,"モンスタートス：Nice!!"
18,121502,2,13,407,10,0,0,False,False,False,"モンスタートス：Miss"
19,121511,2,13,408,10,0,0,False,False,False,"ミニゲーム：Excellent!!"
20,121512,2,13,409,10,0,0,False,False,False,"ミニゲーム：Great!!"
21,121513,2,13,410,10,0,0,False,False,False,"ミニゲーム：Good!"
22,0,0,0,0,0,0,0,False,False,False,""
23,120114,2,5,23,10,0,0,False,False,False,"Light Party"
24,120115,2,5,24,10,0,0,False,False,False,"Full Party"
25,120119,2,5,11,10,0,0,False,False,False,"Level Down..."
26,76391,2,16,2,10,0,0,True,False,False,"FINAL FANTASY XIV ONLINE (White)"
27,76392,2,16,1,10,0,0,True,False,False,"FINAL FANTASY XIV ONLINE (Black)"
28,0,0,0,0,0,0,0,False,False,False,""
29,0,0,0,0,0,0,0,False,False,False,""
30,76531,1,4,1,10,0,0,True,False,False,"トリプルトライアド：★"
31,76532,1,4,2,10,0,0,True,False,False,"トリプルトライアド：★★"
32,76533,1,4,3,10,0,0,True,False,False,"トリプルトライアド：★★★"
33,76534,1,4,4,10,0,0,True,False,False,"トリプルトライアド：★★★★"
34,76535,1,4,5,10,0,0,True,False,False,"トリプルトライアド：★★★★★"
35,76540,1,4,12,10,0,0,True,False,False,"トリプルトライアド：1"
36,76541,1,4,13,10,0,0,True,False,False,"トリプルトライアド：2"
37,76542,1,4,14,10,0,0,True,False,False,"トリプルトライアド：3"
38,76543,1,4,15,10,0,0,True,False,False,"トリプルトライアド：4"
39,76544,1,4,16,10,0,0,True,False,False,"トリプルトライアド：5"
40,76545,1,4,17,10,0,0,True,False,False,"トリプルトライアド：6"
41,76546,1,4,18,10,0,0,True,False,False,"トリプルトライアド：7"
42,76547,1,4,19,10,0,0,True,False,False,"トリプルトライアド：8"
43,76548,1,4,20,10,0,0,True,False,False,"トリプルトライアド：9"
44,76549,1,4,21,10,0,0,True,False,False,"トリプルトライアド：A"
45,76539,1,4,11,10,0,0,True,False,False,"トリプルトライアド：0"
46,0,0,0,0,0,0,0,False,False,False,""
47,0,0,0,0,0,0,0,False,False,False,""
48,0,0,0,0,0,0,0,False,False,False,""
49,0,0,0,0,0,0,0,False,False,False,""
50,76301,1,6,2,10,0,0,True,False,False,"国旗：グリダニア"
51,76302,1,6,1,10,0,0,True,False,False,"国旗：リムサ・ロミンサ"
52,76303,1,6,3,10,0,0,True,False,False,"国旗：ウルダハ"
53,76304,1,6,4,10,0,0,True,False,False,"国旗：イシュガルド"
54,76305,1,6,5,10,0,0,True,False,False,"国旗：アラミゴ"
55,76306,1,6,6,10,0,0,True,False,False,"国旗：クガネ"
56,76307,1,6,7,10,0,0,True,False,False,"国旗：ドマ"
57,76308,1,6,8,10,0,0,True,False,False,"国旗：クリスタリウム"
58,76309,1,6,9,10,0,0,True,False,False,"国旗：ユールモア"
59,76310,1,6,10,10,0,0,True,False,False,"国旗：ボズヤ"
60,76651,1,3,1,10,0,0,True,True,True,"表情：素顔"
61,76652,1,3,2,10,0,0,True,True,True,"表情：微笑"
62,76653,1,3,3,10,0,0,True,True,True,"表情：笑顔"
63,76654,1,3,4,10,0,0,True,True,True,"表情：ウィンク"
64,0,0,0,0,0,0,0,False,False,False,""
65,76656,1,3,5,10,0,0,True,True,True,"表情：自信"
66,76657,1,3,6,10,0,0,True,True,True,"表情：不敵"
67,76658,1,3,7,10,0,0,True,True,True,"表情：瞑目"
68,76659,1,3,8,10,0,0,True,True,True,"表情：呆然"
69,76660,1,3,9,10,0,0,True,True,True,"表情：感知"
70,76661,1,3,10,10,0,0,True,True,True,"表情：口をすぼめる"
71,76662,1,3,11,10,0,0,True,True,True,"表情：真剣"
72,76663,1,3,12,10,0,0,True,True,True,"表情：柔和"
73,76664,1,3,13,10,0,0,True,True,True,"表情：満足"
74,76665,1,3,14,10,0,0,True,True,True,"表情：破顔"
75,76666,1,3,15,10,0,0,True,True,True,"表情：熟考"
76,0,0,0,0,0,0,0,False,False,False,""
77,0,0,0,0,0,0,0,False,False,False,""
78,0,0,0,0,0,0,0,False,False,False,""
79,0,0,0,0,0,0,0,False,False,False,""
80,0,0,0,0,0,0,0,False,False,False,""
81,0,0,0,0,0,0,0,False,False,False,""
82,0,0,0,0,0,0,0,False,False,False,""
83,0,0,0,0,0,0,0,False,False,False,""
84,0,0,0,0,0,0,0,False,False,False,""
85,0,0,0,0,0,0,0,False,False,False,""
86,0,0,0,0,0,0,0,False,False,False,""
87,0,0,0,0,0,0,0,False,False,False,""
88,0,0,0,0,0,0,0,False,False,False,""
89,0,0,0,0,0,0,0,False,False,False,""
90,76601,1,7,1,10,0,0,True,False,False,"記号：感嘆符"
91,76602,1,7,2,10,0,0,True,False,False,"記号：疑問符"
92,76603,1,7,3,10,0,0,True,False,False,"記号：感嘆疑問符"
93,76604,1,7,4,10,0,0,True,False,False,"記号：疑問感嘆符"
94,76605,1,7,5,10,0,0,True,False,False,"記号：三点リーダー"
95,0,0,0,0,0,0,0,False,False,False,""
96,0,0,0,0,0,0,0,False,False,False,""
97,0,0,0,0,0,0,0,False,False,False,""
98,0,0,0,0,0,0,0,False,False,False,""
99,0,0,0,0,0,0,0,False,False,False,""
100,0,0,0,0,0,0,0,False,False,False,""
101,0,0,0,0,0,0,0,False,False,False,""
102,0,0,0,0,0,0,0,False,False,False,""
103,0,0,0,0,0,0,0,False,False,False,""
104,0,0,0,0,0,0,0,False,False,False,""
105,0,0,0,0,0,0,0,False,False,False,""
106,0,0,0,0,0,0,0,False,False,False,""
107,0,0,0,0,0,0,0,False,False,False,""
108,0,0,0,0,0,0,0,False,False,False,""
109,0,0,0,0,0,0,0,False,False,False,""
110,76551,1,2,1,10,0,0,True,True,True,"吹き出し：標準"
111,76552,1,2,2,10,0,0,True,True,True,"吹き出し：思惑"
112,76553,1,2,3,10,0,0,True,True,True,"吹き出し：びっくり"
113,0,0,0,0,0,0,0,False,False,False,""
114,0,0,0,0,0,0,0,False,False,False,""
115,0,0,0,0,0,0,0,False,False,False,""
116,0,0,0,0,0,0,0,False,False,False,""
117,0,0,0,0,0,0,0,False,False,False,""
118,0,0,0,0,0,0,0,False,False,False,""
119,0,0,0,0,0,0,0,False,False,False,""
120,0,0,0,0,0,0,0,False,False,False,""
121,0,0,0,0,0,0,0,False,False,False,""
122,0,0,0,0,0,0,0,False,False,False,""
123,0,0,0,0,0,0,0,False,False,False,""
124,0,0,0,0,0,0,0,False,False,False,""
125,0,0,0,0,0,0,0,False,False,False,""
126,0,0,0,0,0,0,0,False,False,False,""
127,0,0,0,0,0,0,0,False,False,False,""
128,0,0,0,0,0,0,0,False,False,False,""
129,0,0,0,0,0,0,0,False,False,False,""
130,76401,1,9,2,10,0,0,True,True,True,"装飾：キラキラ1"
131,76402,1,9,43,10,0,0,True,True,True,"装飾：ハート"
132,76403,1,9,21,10,0,0,True,True,True,"装飾：フレア"
133,76404,1,9,61,10,0,0,True,True,True,"装飾：足あと"
134,76451,1,9,1,10,0,0,True,True,True,"装飾：キラキラ1"
135,76452,1,9,110,10,0,0,True,True,True,"装飾：サングラス"
136,76453,1,9,42,10,0,0,True,True,True,"装飾：ハート"
137,76454,1,9,20,10,0,0,True,True,True,"装飾：フレア"
138,76455,1,9,111,10,0,0,True,True,True,"装飾：口紅"
139,76456,1,9,60,10,0,0,True,True,True,"装飾：足あと"
140,76457,1,9,100,10,0,0,True,True,True,"装飾：矢印"
141,76410,1,9,31,10,0,0,True,True,True,"装飾：三角形"
142,76411,1,9,33,10,0,0,True,True,True,"装飾：四角形"
143,76409,1,9,35,10,0,0,True,True,True,"装飾：五角形"
144,76405,1,9,45,10,0,0,True,True,True,"装飾：フラワー"
145,76408,1,9,41,10,0,0,True,True,True,"装飾：丸ボケ"
146,76406,1,9,51,10,0,0,True,True,True,"装飾：音符1"
147,76407,1,9,52,10,0,0,True,True,True,"装飾：音符2"
148,76459,1,9,50,10,0,0,True,True,True,"装飾：音符"
149,76462,1,9,30,10,0,0,True,True,True,"装飾：三角形"
150,76463,1,9,32,10,0,0,True,True,True,"装飾：四角形"
151,76461,1,9,34,10,0,0,True,True,True,"装飾：五角形"
152,76458,1,9,44,10,0,0,True,True,True,"装飾：フラワー"
153,76460,1,9,40,10,0,0,True,True,True,"装飾：丸ボケ"
154,76464,1,9,3,10,0,0,True,True,True,"装飾：キラキラ2"
155,76412,1,9,4,10,0,0,True,True,True,"装飾：キラキラ2"
156,76465,1,9,5,10,0,0,True,True,True,"装飾：キラキラ3"
157,76413,1,9,6,10,0,0,True,True,True,"装飾：キラキラ3"
158,76466,1,9,7,10,0,0,True,True,True,"装飾：キラキラ4"
159,76414,1,9,8,10,0,0,True,True,True,"装飾：キラキラ4"
160,76415,1,9,53,10,0,0,True,True,True,"装飾：スター"
161,76467,1,9,90,10,0,0,True,True,True,"装飾：紙吹雪"
162,0,0,0,0,0,0,0,False,False,False,""
163,0,0,0,0,0,0,0,False,False,False,""
164,0,0,0,0,0,0,0,False,False,False,""
165,0,0,0,0,0,0,0,False,False,False,""
166,0,0,0,0,0,0,0,False,False,False,""
167,0,0,0,0,0,0,0,False,False,False,""
168,0,0,0,0,0,0,0,False,False,False,""
169,0,0,0,0,0,0,0,False,False,False,""
170,76851,1,8,1,10,0,0,True,True,True,"調理品：ミコッテ風山の幸串焼"
171,76852,1,8,2,10,0,0,True,True,True,"調理品：アンテロープステーキ"
172,76853,1,8,3,10,0,0,True,True,True,"調理品：ドードーオムレツ"
173,76854,1,8,4,10,0,0,True,True,True,"調理品：フライドエッグ"
174,76855,1,8,5,10,0,0,True,True,True,"調理品：グリルドトラウト"
175,76856,1,8,6,10,0,0,True,True,True,"調理品：ミコッテ風海の幸串焼"
176,76857,1,8,7,10,0,0,True,True,True,"調理品：パースニップサラダ"
177,76858,1,8,8,10,0,0,True,True,True,"調理品：ミコッテ風森の幸串焼"
178,76859,1,8,9,10,0,0,True,True,True,"調理品：フラットブレッド"
179,76860,1,8,10,10,0,0,True,True,True,"調理品：プレッツェル"
180,76861,1,8,11,10,0,0,True,True,True,"調理品：ナイツブレッド"
181,76862,1,8,12,10,0,0,True,True,True,"調理品：ビスマルク風エッグサンド"
182,76863,1,8,13,10,0,0,True,True,True,"調理品：アップルタルト"
183,76864,1,8,14,10,0,0,True,True,True,"調理品：ピースープ"
184,76865,1,8,15,10,0,0,True,True,True,"調理品：ジンジャークッキー"
185,76866,1,8,16,10,0,0,True,True,True,"調理品：ハートチョコ"
186,76867,1,8,17,10,0,0,True,True,True,"調理品：パンプキンクッキー"
187,76868,1,8,18,10,0,0,True,True,True,"調理品：オレンジジュース"
188,76869,1,8,19,10,0,0,True,True,True,"調理品：マルドティー"
189,76870,1,8,20,10,0,0,True,True,True,"調理品：バタードフィッシュ"
190,76871,1,8,21,10,0,0,True,True,True,"調理品：イシュガルドマフィン"
191,76872,1,8,22,10,0,0,True,True,True,"調理品：バゲット"
192,0,0,0,0,0,0,0,False,False,False,""
193,0,0,0,0,0,0,0,False,False,False,""
194,0,0,0,0,0,0,0,False,False,False,""
195,0,0,0,0,0,0,0,False,False,False,""
196,0,0,0,0,0,0,0,False,False,False,""
197,0,0,0,0,0,0,0,False,False,False,""
198,0,0,0,0,0,0,0,False,False,False,""
199,0,0,0,0,0,0,0,False,False,False,""
200,0,0,0,0,0,0,0,False,False,False,""
201,0,0,0,0,0,0,0,False,False,False,""
202,0,0,0,0,0,0,0,False,False,False,""
203,0,0,0,0,0,0,0,False,False,False,""
204,0,0,0,0,0,0,0,False,False,False,""
205,0,0,0,0,0,0,0,False,False,False,""
206,0,0,0,0,0,0,0,False,False,False,""
207,0,0,0,0,0,0,0,False,False,False,""
208,0,0,0,0,0,0,0,False,False,False,""
209,0,0,0,0,0,0,0,False,False,False,""
210,0,0,0,0,0,0,0,False,False,False,""
211,0,0,0,0,0,0,0,False,False,False,""
212,0,0,0,0,0,0,0,False,False,False,""
213,0,0,0,0,0,0,0,False,False,False,""
214,0,0,0,0,0,0,0,False,False,False,""
215,0,0,0,0,0,0,0,False,False,False,""
216,0,0,0,0,0,0,0,False,False,False,""
217,0,0,0,0,0,0,0,False,False,False,""
218,0,0,0,0,0,0,0,False,False,False,""
219,0,0,0,0,0,0,0,False,False,False,""
220,0,0,0,0,0,0,0,False,False,False,""
221,76701,1,1,82,10,0,0,True,True,True,"ミニオン：マメット001"
222,76702,1,1,1,10,0,0,True,True,True,"ミニオン：チョコチョコボ"
223,76703,1,1,4,10,0,0,True,True,True,"ミニオン：タイニーボム"
224,76704,1,1,5,10,0,0,True,True,True,"ミニオン：ベビーモス"
225,76705,1,1,6,10,0,0,True,True,True,"ミニオン：モルボルバルブ"
226,76706,1,1,9,10,0,0,True,True,True,"ミニオン：ダストバニー"
227,76707,1,1,10,10,0,0,True,True,True,"ミニオン：ミニテンダー"
228,76708,1,1,11,10,0,0,True,True,True,"ミニオン：スモールシェル"
229,76709,1,1,21,10,0,0,True,True,True,"ミニオン：グゥーブー・スプラウト"
230,76710,1,1,22,10,0,0,True,True,True,"ミニオン：デモンズブロック"
231,76711,1,1,87,10,0,0,True,True,True,"ミニオン：マメット・カーソル"
232,76712,1,1,62,10,0,0,True,True,True,"ミニオン：マメット・キキルン"
233,76713,1,1,12,10,0,0,True,True,True,"ミニオン：ウルフ・パップ"
234,76714,1,1,7,10,0,0,True,True,True,"ミニオン：タイニークァール"
235,76715,1,1,8,10,0,0,True,True,True,"ミニオン：マメット・トンベリ"
236,76716,1,1,88,10,0,0,True,True,True,"ミニオン：マメット・ブルーム"
237,76717,1,1,3,10,0,0,True,True,True,"ミニオン：マメット・モーグリ"
238,76718,1,1,40,10,0,0,True,True,True,"ミニオン：ナッツイーター"
239,76719,1,1,41,10,0,0,True,True,True,"ミニオン：ファットキャット"
240,76720,1,1,89,10,0,0,True,True,True,"ミニオン：カッパッパ"
241,76721,1,1,86,10,0,0,True,True,True,"ミニオン：追従システム"
242,76722,1,1,31,10,0,0,True,True,True,"ミニオン：パイッサ・ブラット"
243,76723,1,1,33,10,0,0,True,True,True,"ミニオン：コロコロポックル"
244,76724,1,1,50,10,0,0,True,True,True,"ミニオン：ウソウソ"
245,76725,1,1,63,10,0,0,True,True,True,"ミニオン：マメット・ナマズオ"
246,76726,1,1,78,10,0,0,True,True,True,"ミニオン：マメット・クロ"
247,76727,1,1,45,10,0,0,True,True,True,"ミニオン：豆柴"
248,76728,1,1,47,10,0,0,True,True,True,"ミニオン：ロンカの水蛇？"
249,76729,1,1,64,10,0,0,True,True,True,"ミニオン：ジャイアントビーバー"
250,76730,1,1,55,10,0,0,True,True,True,"ミニオン：コマンダー・シャーク"
251,76731,1,1,83,10,0,0,True,True,True,"ミニオン：マメット・ケットシー"
252,76732,1,1,57,10,0,0,True,True,True,"ミニオン：ブルーバード"
253,76733,1,1,13,10,0,0,True,True,True,"ミニオン：タイニードードー"
254,76734,1,1,20,10,0,0,True,True,True,"ミニオン：タイニーアプカル"
255,76735,1,1,23,10,0,0,True,True,True,"ミニオン：タイニーラム"
256,76736,1,1,14,10,0,0,True,True,True,"ミニオン：ミニマンドラゴラ"
257,76737,1,1,25,10,0,0,True,True,True,"ミニオン：アントーキング・コリブリ"
258,76738,1,1,27,10,0,0,True,True,True,"ミニオン：マメット・サキュバス"
259,76739,1,1,79,10,0,0,True,True,True,"ミニオン：マメット・ギルガメッシュ"
260,76740,1,1,15,10,0,0,True,True,True,"ミニオン：オニオンプリンス"
261,76741,1,1,16,10,0,0,True,True,True,"ミニオン：エッグナイト"
262,76742,1,1,17,10,0,0,True,True,True,"ミニオン：ガーリックスター"
263,76743,1,1,18,10,0,0,True,True,True,"ミニオン：キングトマト"
264,76744,1,1,19,10,0,0,True,True,True,"ミニオン：マンドラクイーン"
265,76745,1,1,81,10,0,0,True,True,True,"ミニオン：マメット・オルトロス"
266,76746,1,1,80,10,0,0,True,True,True,"ミニオン：エンキドゥ"
267,76747,1,1,29,10,0,0,True,True,True,"ミニオン：ミニマムアトモス"
268,76748,1,1,30,10,0,0,True,True,True,"ミニオン：ゲイラキトン"
269,76749,1,1,42,10,0,0,True,True,True,"ミニオン：レッサーパンダ"
270,76750,1,1,59,10,0,0,True,True,True,"ミニオン：プリンスペンギン"
271,76751,1,1,90,10,0,0,True,True,True,"ミニオン：ポーキー"
272,76752,1,1,36,10,0,0,True,True,True,"ミニオン：うり坊"
273,76753,1,1,60,10,0,0,True,True,True,"ミニオン：タビスズメ"
274,76754,1,1,84,10,0,0,True,True,True,"ミニオン：マメットキメラ"
275,76755,1,1,37,10,0,0,True,True,True,"ミニオン：コユキンコ"
276,76756,1,1,43,10,0,0,True,True,True,"ミニオン：豆妖狐"
277,76757,1,1,61,10,0,0,True,True,True,"ミニオン：ハシビロコウ"
278,76758,1,1,38,10,0,0,True,True,True,"ミニオン：ポークシー・ビッツ"
279,76759,1,1,48,10,0,0,True,True,True,"ミニオン：サンドフォックス"
280,76760,1,1,56,10,0,0,True,True,True,"ミニオン：モモラ・モラ！！！"
281,76761,1,1,2,10,0,0,True,True,True,"ミニオン：ポチャチョコボ"
282,76762,1,1,24,10,0,0,True,True,True,"ミニオン：ミニスライム"
283,76763,1,1,26,10,0,0,True,True,True,"ミニオン：ベイビーオポオポ"
284,76764,1,1,28,10,0,0,True,True,True,"ミニオン：リトルフット"
285,76765,1,1,32,10,0,0,True,True,True,"ミニオン：シャローアイ"
286,76766,1,1,34,10,0,0,True,True,True,"ミニオン：モルフォ"
287,76767,1,1,35,10,0,0,True,True,True,"ミニオン：ポロ・ロッゴ"
288,76768,1,1,39,10,0,0,True,True,True,"ミニオン：ドリッピー"
289,76769,1,1,44,10,0,0,True,True,True,"ミニオン：ブンブク"
290,76770,1,1,46,10,0,0,True,True,True,"ミニオン：ヘッジホッグ"
291,76771,1,1,49,10,0,0,True,True,True,"ミニオン：モモンガ"
292,76772,1,1,51,10,0,0,True,True,True,"ミニオン：ギード"
293,76773,1,1,52,10,0,0,True,True,True,"ミニオン：ゴマ塩アザラシ"
294,76774,1,1,53,10,0,0,True,True,True,"ミニオン：ウーパールーパー"
295,76775,1,1,54,10,0,0,True,True,True,"ミニオン：タイニーダックビル"
296,76776,1,1,58,10,0,0,True,True,True,"ミニオン：アグリー・ダックリング"
297,76777,1,1,65,10,0,0,True,True,True,"ミニオン：白小虎"
298,76778,1,1,66,10,0,0,True,True,True,"ミニオン：朱孔雀"
299,76779,1,1,67,10,0,0,True,True,True,"ミニオン：青帝"
300,76780,1,1,68,6,91,0,True,True,True,"ミニオン：マメット・ヤ・シュトラ"
301,76781,1,1,69,6,98,0,True,True,True,"ミニオン：マメット・ミンフィリア"
302,76782,1,1,70,6,99,0,True,True,True,"ミニオン：マメット・サンクレッド"
303,76783,1,1,71,6,107,0,True,True,True,"ミニオン：マメット・イダ"
304,76784,1,1,72,6,108,0,True,True,True,"ミニオン：マメット・パパリモ"
305,76785,1,1,73,6,109,0,True,True,True,"ミニオン：マメット・ウリエンジェ"
306,76786,1,1,74,6,130,0,True,True,True,"ミニオン：マメット・アルフィノ"
307,76787,1,1,75,6,131,0,True,True,True,"ミニオン：マメット・アリゼー"
308,76788,1,1,76,6,132,0,True,True,True,"ミニオン：マメット・タタル"
309,76789,1,1,77,6,133,0,True,True,True,"ミニオン：マメット・シド"
310,76790,1,1,85,10,0,0,True,True,True,"ミニオン：こねこみみさん"
311,0,0,0,0,0,0,0,False,False,False,""
312,0,0,0,0,0,0,0,False,False,False,""
313,0,0,0,0,0,0,0,False,False,False,""
314,0,0,0,0,0,0,0,False,False,False,""
315,0,0,0,0,0,0,0,False,False,False,""
316,0,0,0,0,0,0,0,False,False,False,""
317,0,0,0,0,0,0,0,False,False,False,""
318,0,0,0,0,0,0,0,False,False,False,""
319,0,0,0,0,0,0,0,False,False,False,""
320,0,0,0,0,0,0,0,False,False,False,""
321,0,0,0,0,0,0,0,False,False,False,""
322,0,0,0,0,0,0,0,False,False,False,""
323,0,0,0,0,0,0,0,False,False,False,""
324,0,0,0,0,0,0,0,False,False,False,""
325,0,0,0,0,0,0,0,False,False,False,""
326,0,0,0,0,0,0,0,False,False,False,""
327,0,0,0,0,0,0,0,False,False,False,""
328,0,0,0,0,0,0,0,False,False,False,""
329,0,0,0,0,0,0,0,False,False,False,""
330,0,0,0,0,0,0,0,False,False,False,""
331,0,0,0,0,0,0,0,False,False,False,""
332,0,0,0,0,0,0,0,False,False,False,""
333,0,0,0,0,0,0,0,False,False,False,""
334,0,0,0,0,0,0,0,False,False,False,""
335,0,0,0,0,0,0,0,False,False,False,""
336,0,0,0,0,0,0,0,False,False,False,""
337,0,0,0,0,0,0,0,False,False,False,""
338,0,0,0,0,0,0,0,False,False,False,""
339,0,0,0,0,0,0,0,False,False,False,""
340,0,0,0,0,0,0,0,False,False,False,""
341,0,0,0,0,0,0,0,False,False,False,""
342,0,0,0,0,0,0,0,False,False,False,""
343,0,0,0,0,0,0,0,False,False,False,""
344,0,0,0,0,0,0,0,False,False,False,""
345,0,0,0,0,0,0,0,False,False,False,""
346,0,0,0,0,0,0,0,False,False,False,""
347,0,0,0,0,0,0,0,False,False,False,""
348,0,0,0,0,0,0,0,False,False,False,""
349,0,0,0,0,0,0,0,False,False,False,""
350,0,0,0,0,0,0,0,False,False,False,""
351,0,0,0,0,0,0,0,False,False,False,""
352,0,0,0,0,0,0,0,False,False,False,""
353,0,0,0,0,0,0,0,False,False,False,""
354,0,0,0,0,0,0,0,False,False,False,""
355,0,0,0,0,0,0,0,False,False,False,""
356,0,0,0,0,0,0,0,False,False,False,""
357,0,0,0,0,0,0,0,False,False,False,""
358,0,0,0,0,0,0,0,False,False,False,""
359,0,0,0,0,0,0,0,False,False,False,""
360,0,0,0,0,0,0,0,False,False,False,""
361,0,0,0,0,0,0,0,False,False,False,""
362,0,0,0,0,0,0,0,False,False,False,""
363,0,0,0,0,0,0,0,False,False,False,""
364,0,0,0,0,0,0,0,False,False,False,""
365,0,0,0,0,0,0,0,False,False,False,""
366,0,0,0,0,0,0,0,False,False,False,""
367,0,0,0,0,0,0,0,False,False,False,""
368,0,0,0,0,0,0,0,False,False,False,""
369,0,0,0,0,0,0,0,False,False,False,""
370,76321,1,23,2,10,0,0,True,True,True,"マスキング：グリダニア風"
371,76322,1,23,1,10,0,0,True,True,True,"マスキング：リムサ・ロミンサ風"
372,76323,1,23,3,10,0,0,True,True,True,"マスキング：ウルダハ風"
373,76324,1,23,4,10,0,0,True,True,True,"マスキング：イシュガルド風"
374,76325,1,23,5,10,0,0,True,True,True,"マスキング：アラミゴ風"
375,76326,1,23,6,10,0,0,True,True,True,"マスキング：クガネ風"
376,76327,1,23,7,10,0,0,True,True,True,"マスキング：ドマ風"
377,76328,1,23,8,10,0,0,True,True,True,"マスキング：クリスタリウム風"
378,76329,1,23,9,10,0,0,True,True,True,"マスキング：ユールモア風"
379,76330,1,23,10,10,0,0,True,True,True,"マスキング：ボズヤ風"
380,0,0,0,0,0,0,0,False,False,False,""
381,0,0,0,0,0,0,0,False,False,False,""
382,0,0,0,0,0,0,0,False,False,False,""
383,0,0,0,0,0,0,0,False,False,False,""
384,0,0,0,0,0,0,0,False,False,False,""
385,0,0,0,0,0,0,0,False,False,False,""
386,0,0,0,0,0,0,0,False,False,False,""
387,0,0,0,0,0,0,0,False,False,False,""
388,0,0,0,0,0,0,0,False,False,False,""
389,0,0,0,0,0,0,0,False,False,False,""
390,0,0,0,0,0,0,0,False,False,False,""
391,0,0,0,0,0,0,0,False,False,False,""
392,0,0,0,0,0,0,0,False,False,False,""
393,0,0,0,0,0,0,0,False,False,False,""
394,0,0,0,0,0,0,0,False,False,False,""
395,0,0,0,0,0,0,0,False,False,False,""
396,0,0,0,0,0,0,0,False,False,False,""
397,0,0,0,0,0,0,0,False,False,False,""
398,0,0,0,0,0,0,0,False,False,False,""
399,0,0,0,0,0,0,0,False,False,False,""
400,76873,1,18,1,10,0,0,True,True,True,"薬品：ポーション"
401,76874,1,18,2,10,0,0,True,True,True,"薬品：ハイポーション"
402,76875,1,18,3,10,0,0,True,True,True,"薬品：メガポーション"
403,76876,1,18,4,10,0,0,True,True,True,"薬品：スーパーポーション"
404,76877,1,18,5,10,0,0,True,True,True,"薬品：エーテル"
405,76878,1,18,6,10,0,0,True,True,True,"薬品：ハイエーテル"
406,76879,1,18,7,10,0,0,True,True,True,"薬品：メガエーテル"
407,76880,1,18,8,10,0,0,True,True,True,"薬品：スーパーエーテル"
408,76881,1,18,9,10,0,0,True,True,True,"薬品：エリクサー"
409,76882,1,18,10,10,0,0,True,True,True,"薬品：幻想薬"
410,0,0,0,0,0,0,0,False,False,False,""
411,0,0,0,0,0,0,0,False,False,False,""
412,0,0,0,0,0,0,0,False,False,False,""
413,0,0,0,0,0,0,0,False,False,False,""
414,0,0,0,0,0,0,0,False,False,False,""
415,0,0,0,0,0,0,0,False,False,False,""
416,0,0,0,0,0,0,0,False,False,False,""
417,0,0,0,0,0,0,0,False,False,False,""
418,0,0,0,0,0,0,0,False,False,False,""
419,0,0,0,0,0,0,0,False,False,False,""
420,0,0,0,0,0,0,0,False,False,False,""
421,0,0,0,0,0,0,0,False,False,False,""
422,0,0,0,0,0,0,0,False,False,False,""
423,0,0,0,0,0,0,0,False,False,False,""
424,0,0,0,0,0,0,0,False,False,False,""
425,0,0,0,0,0,0,0,False,False,False,""
426,0,0,0,0,0,0,0,False,False,False,""
427,0,0,0,0,0,0,0,False,False,False,""
428,0,0,0,0,0,0,0,False,False,False,""
429,0,0,0,0,0,0,0,False,False,False,""
430,76351,1,19,1,10,0,0,True,True,True,"メインクエスト：受注可能"
431,76352,1,19,2,10,0,0,True,True,True,"メインクエスト：進行可能"
432,76353,1,19,3,10,0,0,True,True,True,"メインクエスト：達成可能"
433,76354,1,19,4,10,0,0,True,True,True,"サブクエスト：受注可能"
434,76355,1,19,5,10,0,0,True,True,True,"サブクエスト：進行可能"
435,76356,1,19,6,10,0,0,True,True,True,"サブクエスト：達成可能"
436,76357,1,19,7,10,0,0,True,True,True,"機能開放クエスト：受注可能"
437,76358,1,19,8,10,0,0,True,True,True,"機能開放クエスト：進行可能"
438,76359,1,19,9,10,0,0,True,True,True,"機能開放クエスト：達成可能"
439,0,0,0,0,0,0,0,False,False,False,""
440,0,0,0,0,0,0,0,False,False,False,""
441,0,0,0,0,0,0,0,False,False,False,""
442,0,0,0,0,0,0,0,False,False,False,""
443,0,0,0,0,0,0,0,False,False,False,""
444,0,0,0,0,0,0,0,False,False,False,""
445,0,0,0,0,0,0,0,False,False,False,""
446,0,0,0,0,0,0,0,False,False,False,""
447,0,0,0,0,0,0,0,False,False,False,""
448,0,0,0,0,0,0,0,False,False,False,""
449,0,0,0,0,0,0,0,False,False,False,""
450,0,0,0,0,0,0,0,False,False,False,""
451,0,0,0,0,0,0,0,False,False,False,""
452,0,0,0,0,0,0,0,False,False,False,""
453,0,0,0,0,0,0,0,False,False,False,""
454,0,0,0,0,0,0,0,False,False,False,""
455,0,0,0,0,0,0,0,False,False,False,""
456,0,0,0,0,0,0,0,False,False,False,""
457,0,0,0,0,0,0,0,False,False,False,""
458,0,0,0,0,0,0,0,False,False,False,""
459,0,0,0,0,0,0,0,False,False,False,""
460,76615,1,17,1,10,0,0,True,True,True,"漫符：汗"
461,76606,1,17,2,10,0,0,True,True,True,"漫符：焦り"
462,76607,1,17,3,10,0,0,True,True,True,"漫符：賑わい"
463,76608,1,17,4,10,0,0,True,True,True,"漫符：驚き"
464,76609,1,17,5,10,0,0,True,True,True,"漫符：悩み"
465,76610,1,17,6,10,0,0,True,True,True,"漫符：ため息"
466,76611,1,17,7,10,0,0,True,True,True,"漫符：気付き"
467,76612,1,17,8,10,0,0,True,True,True,"漫符：音符"
468,76613,1,17,9,10,0,0,True,True,True,"漫符：星"
469,76614,1,17,10,10,0,0,True,True,True,"漫符：縦線"
470,0,0,0,0,0,0,0,False,False,False,""
471,0,0,0,0,0,0,0,False,False,False,""
472,0,0,0,0,0,0,0,False,False,False,""
473,0,0,0,0,0,0,0,False,False,False,""
474,0,0,0,0,0,0,0,False,False,False,""
475,0,0,0,0,0,0,0,False,False,False,""
476,0,0,0,0,0,0,0,False,False,False,""
477,0,0,0,0,0,0,0,False,False,False,""
478,0,0,0,0,0,0,0,False,False,False,""
479,0,0,0,0,0,0,0,False,False,False,""
480,0,0,0,0,0,0,0,False,False,False,""
481,0,0,0,0,0,0,0,False,False,False,""
482,0,0,0,0,0,0,0,False,False,False,""
483,0,0,0,0,0,0,0,False,False,False,""
484,0,0,0,0,0,0,0,False,False,False,""
485,0,0,0,0,0,0,0,False,False,False,""
486,0,0,0,0,0,0,0,False,False,False,""
487,0,0,0,0,0,0,0,False,False,False,""
488,0,0,0,0,0,0,0,False,False,False,""
489,0,0,0,0,0,0,0,False,False,False,""
490,0,0,0,0,0,0,0,False,False,False,""
491,0,0,0,0,0,0,0,False,False,False,""
492,0,0,0,0,0,0,0,False,False,False,""
493,0,0,0,0,0,0,0,False,False,False,""
494,0,0,0,0,0,0,0,False,False,False,""
495,76978,1,20,28,10,0,0,True,True,True,"らくがき：マメット・キキルン"
496,76979,1,20,29,10,0,0,True,True,True,"らくがき：プリンスペンギン"
497,76980,1,20,30,10,0,0,True,True,True,"らくがき：タイニーダックビル"
498,76981,1,20,31,10,0,0,True,True,True,"らくがき：シャローアイ"
499,76982,1,20,32,10,0,0,True,True,True,"らくがき：ハシビロコウ"
500,76951,1,20,1,10,0,0,True,True,True,"らくがき：マメット・モーグリ"
501,76952,1,20,2,10,0,0,True,True,True,"らくがき：ファットキャット"
502,76953,1,20,3,10,0,0,True,True,True,"らくがき：ジャイアントビーバー"
503,76954,1,20,4,10,0,0,True,True,True,"らくがき：パイッサ・ブラット"
504,76955,1,20,5,10,0,0,True,True,True,"らくがき：マメット・ナマズオ"
505,76956,1,20,6,10,0,0,True,True,True,"らくがき：ポチャチョコボ"
506,76957,1,20,7,10,0,0,True,True,True,"らくがき：ダストバニー"
507,76958,1,20,8,10,0,0,True,True,True,"らくがき：ミニテンダー"
508,76959,1,20,9,10,0,0,True,True,True,"らくがき：グゥーブー・スプラウト"
509,76960,1,20,10,10,0,0,True,True,True,"らくがき：カーバンクル・ペリドット"
510,76961,1,20,11,10,0,0,True,True,True,"らくがき：ウソウソ"
511,76962,1,20,12,10,0,0,True,True,True,"らくがき：ロンカの水蛇？"
512,76963,1,20,13,10,0,0,True,True,True,"らくがき：タイニーボム"
513,76964,1,20,14,10,0,0,True,True,True,"らくがき：モルボルバルブ"
514,76965,1,20,15,10,0,0,True,True,True,"らくがき：マメット・トンベリ"
515,76966,1,20,16,10,0,0,True,True,True,"らくがき：ミニマンドラゴラ"
516,76967,1,20,17,10,0,0,True,True,True,"らくがき：ゲイラキトン"
517,76968,1,20,18,10,0,0,True,True,True,"らくがき：コロコロポックル"
518,76969,1,20,19,10,0,0,True,True,True,"らくがき：ポロ・ロッゴ"
519,76970,1,20,20,10,0,0,True,True,True,"らくがき：コユキンコ"
520,76971,1,20,21,10,0,0,True,True,True,"らくがき：ナッツイーター"
521,76972,1,20,22,10,0,0,True,True,True,"らくがき：豆柴"
522,76973,1,20,23,10,0,0,True,True,True,"らくがき：サンドフォックス"
523,76974,1,20,24,10,0,0,True,True,True,"らくがき：ゴマ塩アザラシ"
524,76975,1,20,25,10,0,0,True,True,True,"らくがき：コマンダー・シャーク"
525,76976,1,20,26,10,0,0,True,True,True,"らくがき：マメット・フーア"
526,76977,1,20,27,10,0,0,True,True,True,"らくがき：ポーキー"
527,0,0,0,0,0,0,0,False,False,False,""
528,0,0,0,0,0,0,0,False,False,False,""
529,0,0,0,0,0,0,0,False,False,False,""
530,76216,1,21,1,10,0,120,True,False,False,"<Gui(112)/>FanFest：シンボル"
531,76201,1,21,2,10,0,120,True,False,False,"<Gui(112)/>FanFest：ロゴ（白）"
532,76202,1,21,3,10,0,120,True,False,False,"<Gui(112)/>FanFest：ロゴ（黒）"
533,76203,1,21,4,10,0,120,True,False,False,"<Gui(112)/>FanFest：垂れ幕（白）"
534,76204,1,21,5,10,0,120,True,False,False,"<Gui(112)/>FanFest：垂れ幕（黒）"
535,76205,1,21,6,10,0,120,True,False,False,"<Gui(112)/>FanFest：バナー（縦）"
536,76206,1,21,7,10,0,120,True,False,False,"<Gui(112)/>FanFest：バナー（横）"
537,76208,2,22,1,10,0,120,True,False,False,"<Gui(112)/>FanFest：FAN FESTIVAL 2021"
538,76207,2,22,2,10,0,120,True,False,False,"<Gui(112)/>FanFest：ハッシュタグ"
539,0,0,0,0,0,0,0,False,False,False,""
540,0,0,0,0,0,0,0,False,False,False,""
541,0,0,0,0,0,0,0,False,False,False,""
542,0,0,0,0,0,0,0,False,False,False,""
543,0,0,0,0,0,0,0,False,False,False,""
544,0,0,0,0,0,0,0,False,False,False,""
545,0,0,0,0,0,0,0,False,False,False,""
546,0,0,0,0,0,0,0,False,False,False,""
547,0,0,0,0,0,0,0,False,False,False,""
548,0,0,0,0,0,0,0,False,False,False,""
549,0,0,0,0,0,0,0,False,False,False,""
550,0,0,0,0,0,0,0,False,False,False,""
551,0,0,0,0,0,0,0,False,False,False,""
552,0,0,0,0,0,0,0,False,False,False,""
553,0,0,0,0,0,0,0,False,False,False,""
554,0,0,0,0,0,0,0,False,False,False,""
555,0,0,0,0,0,0,0,False,False,False,""
556,0,0,0,0,0,0,0,False,False,False,""
557,0,0,0,0,0,0,0,False,False,False,""
558,0,0,0,0,0,0,0,False,False,False,""
559,0,0,0,0,0,0,0,False,False,False,""
560,0,0,0,0,0,0,0,False,False,False,""
561,0,0,0,0,0,0,0,False,False,False,""
562,0,0,0,0,0,0,0,False,False,False,""
563,0,0,0,0,0,0,0,False,False,False,""
564,0,0,0,0,0,0,0,False,False,False,""
565,0,0,0,0,0,0,0,False,False,False,""
566,0,0,0,0,0,0,0,False,False,False,""
567,0,0,0,0,0,0,0,False,False,False,""
568,0,0,0,0,0,0,0,False,False,False,""
569,0,0,0,0,0,0,0,False,False,False,""
570,0,0,0,0,0,0,0,False,False,False,""
571,0,0,0,0,0,0,0,False,False,False,""
572,0,0,0,0,0,0,0,False,False,False,""
573,0,0,0,0,0,0,0,False,False,False,""
574,0,0,0,0,0,0,0,False,False,False,""
575,0,0,0,0,0,0,0,False,False,False,""
576,0,0,0,0,0,0,0,False,False,False,""
577,0,0,0,0,0,0,0,False,False,False,""
578,0,0,0,0,0,0,0,False,False,False,""
579,0,0,0,0,0,0,0,False,False,False,""
580,0,0,0,0,0,0,0,False,False,False,""
581,0,0,0,0,0,0,0,False,False,False,""
582,0,0,0,0,0,0,0,False,False,False,""
583,0,0,0,0,0,0,0,False,False,False,""
584,0,0,0,0,0,0,0,False,False,False,""
585,0,0,0,0,0,0,0,False,False,False,""
586,0,0,0,0,0,0,0,False,False,False,""
587,0,0,0,0,0,0,0,False,False,False,""
588,0,0,0,0,0,0,0,False,False,False,""
589,0,0,0,0,0,0,0,False,False,False,""
590,0,0,0,0,0,0,0,False,False,False,""
591,0,0,0,0,0,0,0,False,False,False,""
592,0,0,0,0,0,0,0,False,False,False,""
593,0,0,0,0,0,0,0,False,False,False,""
594,0,0,0,0,0,0,0,False,False,False,""
595,0,0,0,0,0,0,0,False,False,False,""
596,0,0,0,0,0,0,0,False,False,False,""
597,0,0,0,0,0,0,0,False,False,False,""
598,0,0,0,0,0,0,0,False,False,False,""
599,0,0,0,0,0,0,0,False,False,False,""
600,76801,1,24,1,10,0,0,True,False,False,"クラス・ジョブ：TANK"
601,76802,1,24,2,10,0,0,True,False,False,"クラス・ジョブ：HEALER"
602,76803,1,24,3,10,0,0,True,False,False,"クラス・ジョブ：DPS"
603,76811,1,24,80,10,0,0,True,False,False,"クラス・ジョブ：木工師"
604,76812,1,24,81,10,0,0,True,False,False,"クラス・ジョブ：鍛冶師"
605,76813,1,24,82,10,0,0,True,False,False,"クラス・ジョブ：甲冑師"
606,76814,1,24,83,10,0,0,True,False,False,"クラス・ジョブ：彫金師"
607,76815,1,24,84,10,0,0,True,False,False,"クラス・ジョブ：革細工師"
608,76816,1,24,85,10,0,0,True,False,False,"クラス・ジョブ：裁縫師"
609,76817,1,24,86,10,0,0,True,False,False,"クラス・ジョブ：錬金術師"
610,76818,1,24,87,10,0,0,True,False,False,"クラス・ジョブ：調理師"
611,76819,1,24,90,10,0,0,True,False,False,"クラス・ジョブ：採掘師"
612,76820,1,24,91,10,0,0,True,False,False,"クラス・ジョブ：園芸師"
613,76821,1,24,92,10,0,0,True,False,False,"クラス・ジョブ：漁師"
614,76804,1,24,70,10,0,0,True,False,False,"クラス・ジョブ：剣術士"
615,76805,1,24,73,10,0,0,True,False,False,"クラス・ジョブ：格闘士"
616,76806,1,24,71,10,0,0,True,False,False,"クラス・ジョブ：斧術士"
617,76807,1,24,74,10,0,0,True,False,False,"クラス・ジョブ：槍術士"
618,76808,1,24,76,10,0,0,True,False,False,"クラス・ジョブ：弓術士"
619,76809,1,24,72,10,0,0,True,False,False,"クラス・ジョブ：幻術士"
620,76810,1,24,77,10,0,0,True,False,False,"クラス・ジョブ：呪術士"
621,76829,1,24,78,10,0,0,True,False,False,"クラス・ジョブ：巴術士"
622,76832,1,24,75,10,0,0,True,False,False,"クラス・ジョブ：双剣士"
623,76822,1,24,10,10,0,0,True,False,False,"クラス・ジョブ：ナイト"
624,76823,1,24,30,10,0,0,True,False,False,"クラス・ジョブ：モンク"
625,76824,1,24,11,10,0,0,True,False,False,"クラス・ジョブ：戦士"
626,76825,1,24,31,10,0,0,True,False,False,"クラス・ジョブ：竜騎士"
627,76826,1,24,40,10,0,0,True,False,False,"クラス・ジョブ：吟遊詩人"
628,76827,1,24,20,10,0,0,True,False,False,"クラス・ジョブ：白魔道士"
629,76828,1,24,50,10,0,0,True,False,False,"クラス・ジョブ：黒魔道士"
630,76830,1,24,51,10,0,0,True,False,False,"クラス・ジョブ：召喚士"
631,76831,1,24,21,10,0,0,True,False,False,"クラス・ジョブ：学者"
632,76833,1,24,32,10,0,0,True,False,False,"クラス・ジョブ：忍者"
633,76834,1,24,41,10,0,0,True,False,False,"クラス・ジョブ：機工士"
634,76835,1,24,12,10,0,0,True,False,False,"クラス・ジョブ：暗黒騎士"
635,76836,1,24,22,10,0,0,True,False,False,"クラス・ジョブ：占星術師"
636,76837,1,24,33,10,0,0,True,False,False,"クラス・ジョブ：侍"
637,76838,1,24,52,10,0,0,True,False,False,"クラス・ジョブ：赤魔道士"
638,76839,1,24,60,10,0,0,True,False,False,"クラス・ジョブ：青魔道士"
639,76840,1,24,13,10,0,0,True,False,False,"クラス・ジョブ：ガンブレイカー"
640,76841,1,24,42,10,0,0,True,False,False,"クラス・ジョブ：踊り子"
641,76843,1,24,23,10,0,0,True,False,False,"クラス・ジョブ：賢者"
642,76842,1,24,34,10,0,0,True,False,False,"クラス・ジョブ：リーパー"
643,0,0,0,0,0,0,0,False,False,False,""
644,0,0,0,0,0,0,0,False,False,False,""
645,0,0,0,0,0,0,0,False,False,False,""
646,0,0,0,0,0,0,0,False,False,False,""
647,0,0,0,0,0,0,0,False,False,False,""
648,0,0,0,0,0,0,0,False,False,False,""
649,0,0,0,0,0,0,0,False,False,False,""
650,0,0,0,0,0,0,0,False,False,False,""
651,0,0,0,0,0,0,0,False,False,False,""
652,0,0,0,0,0,0,0,False,False,False,""
653,0,0,0,0,0,0,0,False,False,False,""
654,0,0,0,0,0,0,0,False,False,False,""
655,0,0,0,0,0,0,0,False,False,False,""
656,0,0,0,0,0,0,0,False,False,False,""
657,0,0,0,0,0,0,0,False,False,False,""
658,0,0,0,0,0,0,0,False,False,False,""
659,0,0,0,0,0,0,0,False,False,False,""
660,76151,1,25,1,10,0,0,True,False,False,"ドマ式麻雀牌：一萬"
661,76152,1,25,2,10,0,0,True,False,False,"ドマ式麻雀牌：二萬"
662,76153,1,25,3,10,0,0,True,False,False,"ドマ式麻雀牌：三萬"
663,76154,1,25,4,10,0,0,True,False,False,"ドマ式麻雀牌：四萬"
664,76155,1,25,5,10,0,0,True,False,False,"ドマ式麻雀牌：五萬"
665,76156,1,25,6,10,0,0,True,False,False,"ドマ式麻雀牌：六萬"
666,76157,1,25,7,10,0,0,True,False,False,"ドマ式麻雀牌：七萬"
667,76158,1,25,8,10,0,0,True,False,False,"ドマ式麻雀牌：八萬"
668,76159,1,25,9,10,0,0,True,False,False,"ドマ式麻雀牌：九萬"
669,76160,1,25,10,10,0,0,True,False,False,"ドマ式麻雀牌：一筒"
670,76161,1,25,11,10,0,0,True,False,False,"ドマ式麻雀牌：二筒"
671,76162,1,25,12,10,0,0,True,False,False,"ドマ式麻雀牌：三筒"
672,76163,1,25,13,10,0,0,True,False,False,"ドマ式麻雀牌：四筒"
673,76164,1,25,14,10,0,0,True,False,False,"ドマ式麻雀牌：五筒"
674,76165,1,25,15,10,0,0,True,False,False,"ドマ式麻雀牌：六筒"
675,76166,1,25,16,10,0,0,True,False,False,"ドマ式麻雀牌：七筒"
676,76167,1,25,17,10,0,0,True,False,False,"ドマ式麻雀牌：八筒"
677,76168,1,25,18,10,0,0,True,False,False,"ドマ式麻雀牌：九筒"
678,76169,1,25,19,10,0,0,True,False,False,"ドマ式麻雀牌：一索"
679,76170,1,25,20,10,0,0,True,False,False,"ドマ式麻雀牌：二索"
680,76171,1,25,21,10,0,0,True,False,False,"ドマ式麻雀牌：三索"
681,76172,1,25,22,10,0,0,True,False,False,"ドマ式麻雀牌：四索"
682,76173,1,25,23,10,0,0,True,False,False,"ドマ式麻雀牌：五索"
683,76174,1,25,24,10,0,0,True,False,False,"ドマ式麻雀牌：六索"
684,76175,1,25,25,10,0,0,True,False,False,"ドマ式麻雀牌：七索"
685,76176,1,25,26,10,0,0,True,False,False,"ドマ式麻雀牌：八索"
686,76177,1,25,27,10,0,0,True,False,False,"ドマ式麻雀牌：九索"
687,76178,1,25,28,10,0,0,True,False,False,"ドマ式麻雀牌：東"
688,76179,1,25,29,10,0,0,True,False,False,"ドマ式麻雀牌：南"
689,76180,1,25,30,10,0,0,True,False,False,"ドマ式麻雀牌：西"
690,76181,1,25,31,10,0,0,True,False,False,"ドマ式麻雀牌：北"
691,76182,1,25,32,10,0,0,True,False,False,"ドマ式麻雀牌：白"
692,76183,1,25,33,10,0,0,True,False,False,"ドマ式麻雀牌：發"
693,76184,1,25,34,10,0,0,True,False,False,"ドマ式麻雀牌：中"
694,76185,1,25,35,10,0,0,True,False,False,"ドマ式麻雀牌：五萬（赤）"
695,76186,1,25,36,10,0,0,True,False,False,"ドマ式麻雀牌：五筒（赤）"
696,76187,1,25,37,10,0,0,True,False,False,"ドマ式麻雀牌：五索（赤）"
697,0,0,0,0,0,0,0,False,False,False,""
698,0,0,0,0,0,0,0,False,False,False,""
699,0,0,0,0,0,0,0,False,False,False,""
700,0,0,0,0,0,0,0,False,False,False,""
